href,name
http://www.jacobtyler.com/?utm_source=clutch&utm_medium=referral,Jacob Tyler
https://www.seobrand.com/version1/?utm_source=clutch.co&utm_medium=referral&utm_campaign=directory,SEO Brand
https://www.v9digital.com/?utm_source=clutch.co&utm_medium=referral&utm_campaign=clutch,Volume Nine
https://www.searchbloom.com/?utm_source=clutch.co&utm_medium=referral,Searchbloom
https://www.firebellymarketing.com/?utm_source=clutch.co&utm_medium=referral,Firebelly Marketing
https://comradeweb.com/?utm_source=clutch.co&utm_medium=referral&utm_campaign=us-agencies-digital-marketing,Comrade Digital Marketing Agency
http://www.thebrickfactory.com/?utm_source=clutch.co&utm_medium=referral&utm_campaign=directory,The Brick Factory
http://www.coremobileapps.com/?utm_source=clutch.co&utm_medium=referral,Core Mobile App Development
http://www.raincastle.com/?utm_source=clutch.co&utm_medium=referrall&utm_campaign=directory,"RainCastle Communications, Inc."
https://semnexus.com/?utm_source=Clutch&utm_medium=CPC&utm_campaign=Clutch,SEM Nexus
https://www.scubemarketing.com/?utm_source=clutch.co&utm_medium=referral,SCUBE Marketing
https://www.savageglobalmarketing.com/contact-us/clutch/?utm_source=clutch.co&utm_medium=referral&utm_campaign=directory,Savage Global Marketing
http://www.ascendantgroupbranding.com/about/?utm_source=clutch.co&utm_medium=referral,The Ascendant Group
http://www.jivesmedia.com/?utm_source=clutch.co&utm_medium=referral&utm_campaign=directory,Jives Media
https://www.watsoncreative.com/?utm_source=clutch.co&utm_medium=referral&utm_campaign=directory,Watson Creative
http://www.megethosdigital.com/?utm_source=clutch.co&utm_medium=referral&utm_campaign=clutch,Megethos
http://app.nakeddev.com/application?utm_source=Clutch&utm_medium=Direct&utm_campaign=Naked%20Profile%20Link,Naked.
https://www.gulosolutions.com/?utm_campaign=directory&utm_source=clutch.co&utm_medium=cpc,Gulo
https://www.cyberoptik.net/?utm_source=clutch.co&utm_medium=referral&utm_campaign=directory,CyberOptik
https://brandefy.com/?utm_source=clutch.co&utm_medium=referral,Brandefy
https://www.divisionoflabor.com/?utm_source=clutch.co&utm_medium=referral,Division of Labor
https://www.zellermedia.com/?utm_source=clutch.co&utm_medium=referral&utm_campaign=directory,Zeller Media
https://www.rocketclicks.com/?utm_source=clutch.co&utm_medium=referral&utm_campaign=us-agencies-digital-marketing,Rocket Clicks
https://blackpropeller.com/?utm_source=clutch.co&utm_medium=referral&utm_campaign=profile,Black Propeller
https://www.socialistics.com/?utm_source=clutch.co&utm_medium=referral,Socialistics
https://www.sureoak.com/?utm_medium=listing&utm_source=clutch&utm_campaign=us_agencies_digital-marketing,Sure Oak
https://www.trinity.one/?utm_source=clutch.co&utm_medium=referral&utm_campaign=directory,Trinity
https://www.llamaleadgen.com/?utm_source=clutch.co&utm_medium=referral&utm_campaign=directory,Llama Lead Gen
https://danielbrian.com/?utm_source=clutch.co&utm_medium=referral&utm_campaign=directory,Daniel Brian Advertising
http://www.zupo.co/?utm_source=clutch.co&utm_medium=referral&utm_campaign=directory,Zupo
https://120over80.com/?utm_source=clutch&utm_medium=referral&utm_campaign=directory,120/80
https://www.oakdigitalagency.com/?utm_source=clutch.co&utm_medium=referrall&utm_campaign=directory,OAK Digital
http://www.stuntandgimmicks.com/?utm_source=clutch.co&utm_medium=referral,S&amp;G Content Marketing
https://renaissancemarketingva.com/?utm_source=referral&utm_medium=clutch,Renaissance Marketing
https://go.chair10marketing.com/clutch/?utm_source=clutch.co&utm_medium=referral,Chair 10 Marketing
http://www.eseospace.com/?utm_source=clutch.co&utm_medium=referral&utm_campaign=directory,eSEOspace
https://ideahall.com/client-testimonials/?utm_source=clutch.co&utm_medium=referral&utm_campaign=directory,Idea Hall
https://www.bigleap.com/?utm_medium=referral&utm_source=clutch&utm_campaign=profilepage,Big Leap
https://partnercentric.com/?utm_source=clutch.co&utm_medium=referral&utm_campaign=directory,"PartnerCentric, Inc."
https://www.windmillstrategy.com/?utm_source=clutch.co&utm_medium=referral&utm_campaign=directory,Windmill Strategy
https://stellarseo.com/?utm_source=clutch.co&utm_medium=referral&utm_campaign=directory,Stellar SEO
http://commotionengine.com/?utm_source=clutch.co&utm_medium=referral&utm_campaign=directory,Commotion Engine
https://adalane.com/?utm_source=clutch.co&utm_medium=referral&utm_campaign=directory,Adalane Media Group
https://www.45rpm.co/?utm_source=clutch.co&utm_medium=referral,45RPM
https://www.sltconsulting.co/?utm_source=clutch.co&utm_medium=referral&utm_campaign=directory,SLT Consulting
http://www.mabbly.com/?utm_source=clutch.co&utm_medium=referral,Mabbly
https://americanoize.com/,Americanoize
http://metrictheory.com/?utm_source=clutch.co&utm_medium=referral,Metric Theory
https://www.nextdayanimations.com/?utm_source=clutch.co&utm_medium=referral&utm_campaign=directory,Next Day Animations
https://human.marketing/?utm_source=clutch.co&utm_medium=referral&utm_campaign=directory,Human
https://wearesculpt.com/?utm_source=clutch.co&utm_medium=referral,Sculpt
https://www.lyfemarketing.com/?utm_source=clutchco&utm_medium=referral&utm_campaign=clutch&utm_content=social_media_marketing,LYFE Marketing
https://www.attnagency.com/?utm_source=clutch.co&utm_medium=referral&utm_campaign=directory,ATTN Agency
https://www.greenflagmedia.co/,Greenflag media
https://sagapixel.com/?utm_source=clutch.co&utm_medium=sponsorship,Sagapixel SEO
http://www.purefusionmedia.com/?utm_source=clutch.co&utm_medium=referral&utm_campaign=directory,Pure Fusion Media
https://www.beacondigitalmarketing.com?utm_source=clutch.co&utm_medium=referral&utm_campaign=directory,Beacon Digital Marketing
http://www.markacy.com/?utm_source=clutch.co&utm_medium=referral,Markacy
https://www.stormbrain.com/?utm_source=clutch.co&utm_medium=referral,Storm Brain
https://thrive.design/?utm_source=clutch.co&utm_medium=referral&utm_campaign=directory,Thrive Design
http://www.ladybugz.com/?utm_source=clutch.co&utm_medium=referral&utm_campaign=directory,Ladybugz Interactive Agency
https://www.3mediaweb.com/contact/?utm_source=clutch.co&utm_medium=referral,3 Media Web
https://pbjmarketing.com/?utm_source=clutch&utm_medium=referral,PBJ Marketing
https://brandcoders.com/?utm_source=clutch.co&utm_medium=referral,Brandcoders
http://www.baycreative.com/?utm_source=clutch&utm_medium=referral,BayCreative
http://badrhinoinc.com/?utm_source=clutch.co&utm_medium=referral,Bad Rhino Inc.
https://southstreetmarketing.com/?utm_source=clutch.co&utm_medium=referral&utm_campaign=directory,South Street &amp; Co.
https://agency.vixreitano.com,Agency 6B
https://www.coloradoseopros.com/?utm_source=clutch.co&utm_medium=referral&utm_campaign=us-agencies-digital-marketing,Colorado SEO Pros
http://www.rprfirm.com/?utm_source=clutch.co&utm_medium=referral&utm_campaign=directory,R Public Relations
http://www.firecrackerpr.com/?utm_source=clutch.co&utm_medium=referral&utm_campaign=directory,Firecracker PR
https://rejoiner.com/email-marketing-agency?utm_source=clutch.co&utm_medium=referral,Rejoiner
https://seoimage.com/?utm_source=clutch.co&utm_medium=referral,SEO Image
http://www.frac.tl/?utm_source=clutch.co&utm_medium=referral&utm_campaign=directory,Fractl
https://get.manta.com/free-consultation-clutch/,Manta
https://harvestgrowth.com/?utm_source=clutch.co&utm_medium=referral&utm_campaign=directory,Harvest Growth
http://www.stellarising.com/?utm_source=clutch.co&utm_medium=referral&utm_campaign=directory,Stella Rising
https://wearecsg.com/?utm_source=clutch.co&utm_medium=referral,Communications Strategy Group (CSG®)
https://bigdaytheagency.com/?utm_source=clutch.co&utm_medium=referral&utm_campaign=directory,Big Day the Agency
https://directiveconsulting.com/?utm_source=clutch.co&utm_medium=referral&utm_campaign=directory,Directive
https://www.darkmatterdigital.co/?utm_source=clutch.co&utm_medium=referral&utm_campaign=directory,Dark Matter Digital
https://mountaintopwebdesign.com/?utm_source=clutch.co&utm_medium=referral&utm_campaign=directory,Mountaintop Web Design
http://blkdg.com/?utm_source=clutch.co&utm_medium=referral,BLKDG
https://spotlightbranding.com/?utm_source=clutch.co&utm_medium=referral&utm_campaign=directory,Spotlight Branding
https://pyxl.com/?utm_source=clutch.co&utm_medium=referral&utm_campaign=directory,Pyxl
http://boardroompr.com/?utm_source=clutch.co&utm_medium=referral&utm_campaign=directory,Boardroom PR
https://buzzworthystudio.com,Buzzworthy Studio
https://kworq.com/?utm_source=clutch.co&utm_medium=referral&utm_campaign=directory,Kworq
https://bizapult.com/?utm_source=clutch&utm_medium=referral&utm_campaign=sponsorship,Bizapult
https://www.jumpfly.com/?c=6202575461&telnum=8332003660/?utm_source=clutch.co&utm_medium=referral&utm_campaign=directory,JumpFly
https://www.neonambition.com/?utm_source=themanifest.com&utm_medium=referral&utm_campaign=us-agencies-digital-marketing,Neon Ambition
https://www.netreputation.com/?utm_source=clutch&utm_medium=referral&utm_campaign=clutch-profile,Net Reputation
https://designindc.com/?utm_source=clutch.co&utm_medium=referral&utm_campaign=directory,Design In DC
https://www.onlineoptimism.com/?utm_source=clutch&utm_medium=referral,Online Optimism
https://avexdesigns.com/?utm_source=Clutch&utm_medium=Website&utm_campaign=Clutch,Avex Designs
http://www.cherrydigital.co/?utm_source=clutch.co&utm_medium=referral,Cherry Digital
https://www.plaudit.com/?utm_source=clutch.co&utm_medium=referral,Plaudit Design
https://www.meltycone.com/?utm_source=clutch.co&utm_medium=referral&utm_campaign=directory,Melty Cone Video
http://www.ripemedia.com/?utm_source=clutch.co&utm_medium=referral,Ripe Media
https://www.digitalsuccess.us/?utm_source=clutch.co&utm_medium=referral,Digital Success
http://HawkSEM.com/?utm_source=clutch.co&utm_medium=referral,HawkSEM
https://highlevelthinkers.com/?utm_source=clutch.co&utm_medium=referral&utm_campaign=directory,High Level Thinkers
https://ivioagency.com/?utm_source=clutch.co&utm_medium=referral&utm_campaign=directory,Ivio Agency
https://www.dmipartners.com/?utm_source=clutch.co&utm_medium=referral,DMi Partners
https://wepropagate.co/?utm_source=clutch.co&utm_medium=referral&utm_campaign=directory,WePropagate
http://www.brandetize.com/?utm_source=clutch.co&utm_medium=referral&utm_campaign=directory,Brandetize
http://yorkandchapel.com/?utm_source=clutch.co&utm_medium=referral&utm_campaign=directory,York &amp; Chapel
https://logicalmediagroup.com/?utm_source=clutch.co&utm_medium=referral&utm_campaign=us-agencies-digital-marketing,Logical Media Group
http://Exlmedia.com/?utm_source=clutch.co&utm_medium=referral,EXL Media
https://lawrank.com/?utm_source=clutch.co&utm_medium=referral,LawRank
https://www.logicinbound.com/home-clutch/?utm_source=clutch.co&utm_medium=referral&utm_campaign=directory,Logic Inbound
https://www.ideagrove.com/clutch,Idea Grove
https://backstorymarketing.solutions/,Backstory Marketing Solutions
https://justdigital.marketing/?utm_source=clutch.co&utm_medium=referral&utm_campaign=directory,Just Digital Inc
https://propellic.com/?utm_source=clutch&utm_medium=directory&utm_campaign=listing,Propellic
https://www.webtechfusion.com/?utm_source=clutch.co&utm_medium=referral&utm_campaign=directory,Web Tech Fusion
https://www.optfirst.com/?utm_source=clutch.co&utm_medium=referral&utm_campaign=directory,OptFirst Internet Marketing
https://www.red2blackgroup.com/?utm_source=clutch.co&utm_medium=referral&utm_campaign=directory,Red2Black Group
https://www.biondocreative.com/?utm_source=clutch.co&utm_medium=referral&utm_campaign=directory,Biondo Creative
https://blusharkdigital.com/?utm_source=clutch.co&utm_medium=referral&utm_campaign=directory,BluShark Digital - Law Firm Marketing
https://www.zenman.com/?utm_source=clutch.co&utm_medium=referral&utm_campaign=directory,emBlue + Zenman
https://www.groundwrk.com/?utm_source=clutch.co&utm_medium=referral,Groundwrk
http://www.heydaymarketing.com,Heyday Marketing
https://www.hypelifebrands.com/?utm_source=clutch.co&utm_medium=referral,HypeLife Brands
https://www.goidp.com/?utm_source=clutch.co&utm_medium=referral&utm_campaign=directory,"Internet Design and Publishing, Inc."
https://reputationresolutions.com/?utm_source=clutch.co&utm_medium=referral&utm_campaign=directory,Reputation Resolutions
https://www.reputationdefender.com/?utm_source=clutch.co&utm_medium=referral&utm_campaign=directory&rdrs=clutch&cid=clutchco,ReputationDefender
http://www.inovat.com/?utm_source=clutch&utm_medium=referral,Inovāt
http://digitalauthority.me/?utm_source=clutch.co&utm_medium=referral&utm_campaign=directory,Digital Authority Partners
https://www.infront.com/?utm_source=clutch.co&utm_medium=referral&utm_campaign=directory,Infront Webworks
https://www.mediafrenzyglobal.com/?utm_source=clutch.co&utm_medium=referral&utm_campaign=directory,Media Frenzy Global
https://magnet.co/?utm_source=clutch.co&utm_medium=referral&utm_campaign=directory,Magnet Co
https://www.trajectorywebdesign.com/,Trajectory Web Design
https://www.rocket55.com/?utm_source=clutch.co&utm_medium=referral&utm_campaign=directory,Rocket55
https://www.cutcanvascreative.com/?utm_source=clutch.co&utm_medium=referral,Cut Canvas Creative
https://wolfhoundinteractive.com/?utm_source=clutch.co&utm_medium=referral&utm_campaign=directory,Wolfhound Interactive
https://www.innovaxisinc.com/?utm_source=clutch.co&utm_medium=referral&utm_campaign=directory,Innovaxis Marketing
http://www.montavega.com/?utm_source=clutch.co&utm_medium=referral&utm_campaign=directory,MontaVega Media
http://www.redfancommunications.com/?utm_source=clutch.co&utm_medium=referral,Red Fan Communications
https://icenineonline.com/?utm_source=clutch.co&utm_medium=referral,Ice Nine Online
https://www.socialbloom.io/schedule-a-discovery-call/,SocialBloom
https://thiel.com/?utm_source=clutch.co&utm_medium=referral&utm_campaign=directory,THIEL
https://www.agencyjet.com/?utm_source=clutch.co&utm_medium=referral&utm_campaign=directory,Agency Jet
https://www.greenmellenmedia.com/,GreenMellen
https://www.vonnda.com/?utm_source=clutch.co&utm_medium=referral,Vonnda
http://www.contrastandco.com/?utm_source=clutch.co&utm_medium=referral&utm_campaign=directory,Contrast &amp; Co.
https://www.columnfivemedia.com/?utm_source=clutch&utm_medium=referral&utm_campaign=profile,Column Five
http://www.Hangar-12.com?utm_source=clutch.co&utm_medium=referral,HANGAR12
https://www.dig.solutions/?utm_source=clutch.co&utm_medium=referral&utm_campaign=directory,Digital Industry Group (DIG)
http://www.sagefrog.com/?utm_source=clutch.co&utm_medium=referral,Sagefrog Marketing Group
https://www.widefoc.us/?utm_source=clutch.co&utm_medium=referral&utm_campaign=directory,WideFoc.us Social Media
https://wiserbrand.com/?utm_source=clutch.co&utm_medium=referral,WiserBrand
https://www.sourceg.net/digital-marketing-solutions/?utm_source=clutch&utm_medium=referral,Source Group LLC
https://precisioncreative.com/?utm_source=clutch.co&utm_medium=referral&utm_campaign=directory,Precision Creative
http://www.wingmanagency.com/?utm_source=clutch.co&utm_medium=referral&utm_campaign=directory,Wingman Media
https://www.one10media.com/?utm_source=clutch.co&utm_medium=referral,One 10 Media
https://sociallyin.com?utm_campaign=Clutch.co-Profile&utm_source=Clutch.Co&utm_medium=Clutch.co,Sociallyin
http://www.gethunter.com/?utm_source=clutch.co&utm_medium=referral,HUNTER Digital
https://www.wiideman.com/?utm_source=clutch.co&utm_medium=referral&utm_campaign=directory,Wiideman
https://goingclear.com/?utm_source=clutch.co&utm_medium=referral,GoingClear Interactive
https://mantyweb.com/web-services/?utm_source=clutch.co&utm_medium=referral&utm_campaign=directory,Mantyweb LLC
http://lyteyear.com/?utm_source=clutch.co&utm_medium=referral&utm_campaign=directory,LyteYear
https://wedgewoodmarketing.com/?utm_source=clutch.co&utm_medium=referral&utm_campaign=directory,Wedgewood Marketing
https://segmentseo.com/?utm_source=clutch.co&utm_medium=referral,Segment SEO
https://seedx.us/?utm_source=clutch.co&utm_medium=referral&utm_campaign=directory,SeedX Inc.
https://www.webimax.com/?utm_source=Clutch.co,WebiMax
http://www.visualfizz.com/?utm_source=clutch.co&utm_medium=referral,VisualFizz
http://www.5wpr.com/?utm_source=clutch.co&utm_medium=referral,5WPR
https://clearmindgraphics.com/?utm_source=clutch.co&utm_medium=referral&utm_campaign=directory,"Clear Mind Graphics, Inc"
https://www.eboostconsulting.com/?utm_source=clutch.co&utm_medium=referral,Eboost Consulting
https://tc-creatives.com/?utm_source=clutch.co&utm_medium=referral&utm_campaign=directory,TC Creatives
https://www.studiofoxdesign.com/?utm_source=clutch.co&utm_medium=referral,Studio Fox Design
https://relishstudio.com/?utm_source=clutch.co&utm_medium=referral&utm_campaign=directory,Relish Studio
http://1brand.design/?utm_source=clutch.co&utm_medium=referral&utm_campaign=directory,1Brand Design
https://www.fahrenheitmarketing.com/?utm_source=clutch.co&utm_medium=referral,Fahrenheit Marketing
http://www.bluebearcreative.co/?utm_source=clutch.co&utm_medium=referral&utm_campaign=directory,Blue Bear Creative
https://vezadigital.com/?utm_source=clutch.co&utm_medium=referral&utm_campaign=directory,Veza Digital
https://www.digitechwebdesignaustin.com/?utm_source=clutch.co&utm_medium=referral&utm_campaign=directory,DIGITECH
http://www.fogcoastproductions.com/?utm_source=clutch.co&utm_medium=referral&utm_campaign=directory,Fog Coast Productions
https://exoagency.com/,Exo Agency
http://josephstudios.net/?utm_source=clutch.co&utm_medium=referral&utm_campaign=directory,Joseph Studios
https://www.ayokay.com/get-started/?utm_source=clutch.co&utm_medium=referral&utm_campaign=directory,Ayokay
https://www.l7creative.com/?utm_source=clutch&utm_medium=referral&utm_campaign=profile,L7 Creative
http://www.accelerationpartners.com/?utm_source=clutch.co&utm_medium=referral&utm_campaign=directory,Acceleration Partners
https://impactable.com/paid-ads/?&utm_source=clutch&utm_medium=clutch&utm_campaign=clutch_sponsored,Impactable
http://www.shermancm.com/?utm_source=clutch.co&utm_medium=referral&utm_campaign=directory,SHERMAN
https://gen3marketing.com/?utm_source=clutch.co&utm_medium=referral&utm_campaign=directory,Gen3 Marketing
https://momenticmarketing.com/?utm_source=clutch.co&utm_medium=referral&utm_campaign=directory,Momentic
http://www.i76solutions.com/?utm_source=clutch.co&utm_medium=referral,i76 Solutions
https://www.phenyx.co,PHENYX
https://papertiger.com?utm_source=clutch.co&utm_medium=referral,Paper Tiger
https://advantebcs.com/,Advanté-BCS
https://direction.com/?utm_source=clutch.co&utm_medium=referral,Direction
http://taktical.co/?utm_source=clutch.co&utm_medium=referral&utm_campaign=directory,Taktical Digital
https://www.treemontconsulting.com/?utm_source=clutch.co&utm_medium=referral&utm_campaign=directory,Treemont Consulting
http://moburst.com/?utm_source=clutch.co&utm_medium=referral,Moburst
http://www.choosepico.com/?utm_source=clutch&utm_medium=referral,Pico Digital Marketing
https://www.shootyou.com/?utm_source=referral&utm_medium=clutch&utm_campaign=clutch&utm_id=referral,Shoot You
https://youyaa.com/?utm_source=clutch.co&utm_medium=referral&utm_campaign=directory,YouYaa
https://draywebservices.com/?utm_source=clutch.co&utm_medium=referral&utm_campaign=directory,Dray Web Services
https://www.brandvm.com/?utm_source=clutch.co&utm_medium=referral&utm_campaign=directory,Brand Vision
https://www.webmechanix.com/contact/clutch?utm_source=clutch.co&utm_medium=referral&utm_content=profile,WebMechanix
https://www.oyova.com/?utm_source=clutch.co&utm_medium=referral&utm_campaign=directory,Oyova
https://97switch.com/?utm_source=clutch.co&utm_medium=referral&utm_campaign=directory,97 Switch
http://www.flightpath.com/?utm_source=clutch.co&utm_medium=referral&utm_campaign=directory,Flightpath
http://rocket.farm/?utm_source=clutch.co&utm_medium=referral&utm_campaign=directory,Rocket Farm
https://paperboxseo.com/?utm_source=clutch.co&utm_medium=referral&utm_campaign=directory,Paper Box SEO
https://www.mgmediacreative.com/?utm_source=clutch.co&utm_medium=referral&utm_campaign=directory,MG Media Creative
https://www.advertas.com/?utm_source=clutch.co&utm_medium=referral,Advertas
http://www.propane.agency/?utm_source=clutch.co&utm_medium=referral&utm_campaign=directory,Propane
https://northpeak.io/?utm_source=clutch.co&utm_medium=referral&utm_campaign=directory,Northpeak
https://www.flyingvgroup.com/?utm_source=clutch.co&utm_medium=referral&utm_campaign=directory,Flying V Group
https://www.taikundigital.com/?utm_source=clutch.co&utm_medium=referral&utm_campaign=directory,Taikun Digital
https://www.wtmdigital.com/?utm_source=clutch.co&utm_medium=referral&utm_campaign=directory,WTM Digital
https://revenuezen.com/?utm_source=clutch.co&utm_medium=referral&utm_campaign=directory,RevenueZen
https://www.straightnorth.com/?sncid=2&utm_source=clutch&utm_medium=referral,Straight North
http://www.northstarinbound.com/?utm_source=clutch.co&utm_medium=referral&utm_campaign=directory,North Star Inbound
https://www.cutwatersf.com/?utm_source=clutch.co&utm_medium=referral&utm_campaign=directory,Cutwater
https://www.gorizen.com/?utm_source=clutch.co&utm_medium=referral&utm_campaign=directory,Rizen
https://creativemms.com/services/digital-marketing/philadelphia/?utm_source=clutch.co&utm_medium=referral,Creative MMS
https://www.ridgemarketing.com/?utm_source=clutch.co&utm_medium=referral&utm_campaign=directory,Ridge Marketing
https://inboxattack.com/?utm_source=clutch.co&utm_medium=referral&utm_campaign=directory,Inbox Attack
http://adtoroagency.com/?utm_source=clutch.co&utm_medium=referral&utm_campaign=directory-clutch,AdToro
https://www.motoza.com/?utm_source=clutch.co&utm_medium=referral&utm_campaign=directory,Motoza
https://ryzeo.com/top-email-marketing-agency-clutch/?utm_source=clutch.co&utm_medium=referral&utm_campaign=directory,Ryzeo
https://gethypedmedia.com/?utm_source=clutch.co&utm_medium=referral&utm_campaign=directory,Get Hyped
https://lineardesign.com/,Linear
https://www.adherecreative.com/?utm_source=clutch.co&utm_medium=referral&utm_campaign=clutch-profile,Adhere Creative
https://www.outerboxdesign.com/search-marketing/search-engine-optimization/?utm_source=clutch&utm_medium=referral,OuterBox
https://brandlyft.io/?utm_source=clutch.co&utm_medium=referral&utm_campaign=directory,BrandLyft
https://www.trueimpactpartners.com/,True Impact Partners
http://www.franklindigital.co/?utm_source=clutch.co&utm_medium=referral&utm_campaign=directory,Franklin Digital
http://www.marketdesignco.com/?utm_source=clutch.co&utm_medium=referral&utm_campaign=directory,MarketDesign Consulting
https://www.hotspexmedia.com/services/digital-advertising/?utm_source=clutch.co&utm_medium=referral&utm_campaign=directory,Hotspex Media
https://www.eaccountable.com/?utm_source=clutch.co&utm_medium=referral&utm_campaign=directory,eAccountable
http://www.interactivestrategies.com/?utm_source=clutch.co&utm_medium=referral&utm_campaign=directory,Interactive Strategies
https://www.chamber.media/?utm_source=clutch.co&utm_medium=referral&utm_campaign=referral,Chamber Media
https://3rdandlamar.com/,3rd + Lamar
http://www.weareminim.com/,M I N I M
https://truvm.com/?utm_source=clutch.co&utm_medium=referral&utm_campaign=directory,TRU Venture Marketing
https://www.tower33.com/?utm_source=clutch.co&utm_medium=referral,Tower33
https://www.aspiremarketing.group/?utm_source=clutch.co&utm_medium=referral&utm_campaign=directory,Aspire Marketing Group
https://designocean.us/?utm_source=clutch.co&utm_medium=referral&utm_campaign=directory,Design Ocean
https://www.loungelizard.com/?utm_source=Clutch&utm_medium=Directory,Lounge Lizard
https://awakenedfilms.com/?utm_source=clutch.co&utm_medium=referral&utm_campaign=directory,Awakened Films - New Jersey Video Production
http://tendocom.com/?utm_source=clutch.co&utm_medium=referral&utm_campaign=directory,Tendo Communications
https://kokopelliagency.com/?utm_source=clutch.co&utm_medium=referral&utm_campaign=directory,Kokopelli
https://www.brighterclick.com/?utm_source=clutch.co&utm_medium=referral&utm_campaign=directory,Brighter Click
https://www.enlightworks.com/?utm_source=clutch.co&utm_medium=referral&utm_campaign=directory,EnlightWorks
https://secretsushi.com/?utm_source=clutch.co&utm_medium=referral&utm_campaign=referral,"Secret Sushi, Inc"
http://www.optimum7.com/?utm_source=clutch.co&utm_medium=referral&utm_campaign=directory,Optimum7
https://www.themediacaptain.com/?utm_source=clutch.co&utm_medium=referral&utm_campaign=directory,The Media Captain
https://machmediagroup.com,"Mach Media Group, LLC."
https://www.cleverly.co/?utm_source=clutch.co&utm_medium=referral&utm_campaign=directory,Cleverly
http://www.RemedyFilms.com/?utm_source=clutch.co&utm_medium=referral&utm_campaign=directory,REMEDY
https://www.gummicube.com/?utm_source=clutch.co&utm_medium=referral,"Gummicube, Inc."
https://www.shyftup.com/,ShyftUp
https://obliqueco.com/?utm_source=clutch.co&utm_medium=referral&utm_campaign=directory,Oblique
http://www.thinkitfirst.com/?utm_source=clutch&utm_medium=referral,Think it First
https://eucalyptmedia.com/?utm_source=clutch&utm_medium=referral,Eucalypt Media
https://veatechnologies.com/,VEA Technologies
https://nimbletoad.com/?utm_source=clutch.co&utm_medium=referral&utm_campaign=directory,Nimbletoad
https://www.sgkinc.com/en/?utm_source=clutch.co&utm_medium=referral&utm_campaign=directory,SGK
http://www.dignitas.digital/?utm_source=clutch.co&utm_medium=referral&utm_campaign=directory,Dignitas Digital
https://www.berkeleypr.com/?utm_source=clutch.co&utm_medium=referral&utm_campaign=directory,Berkeley Communications
https://www.majortom.com/?utm_campaign=Dir%20-%20Clutch&utm_source=Directory&utm_medium=Sponsorship,Major Tom
https://www.connectionmodel.com/contact/?utm_source=clutch&utm_medium=referral,"Connection Model, LLC"
https://avalaunchmedia.com/?utm_source=Clutch&utm_medium=Directory&utm_campaign=Clutch,Avalaunch Media
https://www.chooseignite.com/?utm_source=clutch.co&utm_medium=referral&utm_campaign=directory,Ignite Media
https://kknockdigital.com/new-york-seo/?utm_source=clutch.co&utm_medium=referral&utm_campaign=directory,Knock Knock Digital
https://inciteresponse.com/digital-marketing-2022/?utm_source=clutch.co&utm_medium=referral,Incite Response Inc.
http://www.wrightimc.com/?utm_source=clutch.co&utm_medium=referral&utm_campaign=directory,WrightIMC
http://clickgiant.com/?utm_source=clutch.co&utm_medium=referral&utm_campaign=us-agencies-digital-marketing,ClickGiant
https://www.motava.com/?utm_source=clutch.co&utm_medium=referral&utm_campaign=directory,Motava
https://AardvarkVideoLasVegas.com,Aardvark Video
http://nowspeed.com/?utm_source=clutch.co&utm_medium=referral&utm_campaign=directory,Nowspeed Marketing
https://bytetechnology.com/web-design-landing/?utm_source=clutch.co&utm_medium=referral&utm_campaign=directory,Byte Technology
https://www.visiblelogic.com/?utm_source=clutch.co&utm_medium=referral&utm_campaign=directory,Visible Logic
http://andersoncollaborative.com/?utm_source=clutch.co&utm_medium=referral&utm_campaign=directory,Anderson Collaborative
http://www.mill.agency/?utm_source=clutch.co&utm_medium=referral&utm_campaign=directory,Millennium Agency
https://multivisiondigital.com/?utm_source=clutch.co&utm_medium=referral,MultiVision Digital Productions
http://www.jmaverickstudios.com/?utm_source=clutch.co&utm_medium=referral&utm_campaign=directory,JMaverick Studios
https://www.convertiv.com/?utm_source=clutch.co&utm_medium=referral,Convertiv
https://labdigitalcreative.com,LAB Digital Creative
http://www.bellavix.com/?utm_source=clutch.co&utm_medium=referral,BellaVix
http://www.enciteinternational.com,encite branding + marketing + creative
http://www.glidedesign.com/?utm_source=clutch.co&utm_medium=referral&utm_campaign=directory,GLIDE
https://hilleragency.com/?utm_source=clutch.co&utm_medium=referral&utm_campaign=directory,Hiller Agency
https://ragnaroknyc.com/?utm_source=clutch.co&utm_medium=referral&utm_campaign=directory,Ragnarok
http://www.pietrylapr.com/?utm_source=clutch.co&utm_medium=referral&utm_campaign=directory,Pietryla PR &amp; Marketing
https://www.lastingtrend.com/?utm_source=clutch.co&utm_medium=referral&utm_campaign=directory,Lasting Trend
https://webxd.net?utm_source=clutch&utm_medium=organic&utm_campaign=business_directories,WebXd
http://hyperdrivei.com/?utm_source=clutch.co&utm_medium=referral&utm_campaign=directory,HyperDrive
https://mostlikelyto.com/,Most Likely To
https://gumas.com/?utm_source=clutch.co&utm_medium=referral&utm_campaign=directory,Gumas
http://www.rocketfarmstudios.com/?utm_source=clutch.co&utm_medium=referral,Rocket Farm Studios
https://www.pixelettetech.co.uk/?utm_source=clutch.co&utm_medium=referral&utm_campaign=directory,Pixelette Technologies Ltd
https://www.mintydigital.com/?utm_source=clutch.co&utm_medium=referral&utm_campaign=directory,Minty Digital
http://www.zoondia.com/?utm_source=clutch.co&utm_medium=referral&utm_campaign=directory,ZOONDIA
http://www.seattlewebdesign.com/?utm_source=clutch.co&utm_medium=referral&utm_campaign=directory,efelle creative
https://www.agencypartner.com/?utm_source=clutch.co&utm_medium=referral&utm_campaign=us-agencies-digital-marketing,Agency Partner Interactive LLC
https://www.digitawise.com/?utm_source=clutch.co&utm_medium=referral&utm_campaign=directory,Digitawise
https://rankings.io,Rankings
https://aspiredigitalsolutions.com/contact/?utm_source=clutch.co&utm_medium=referral,Aspire Digital Solutions
https://www.zambuki.com/clutch,Zambuki
https://ernstmedia.co/?utm_source=clutch&utm_medium=referral,Ernst Media
http://www.trustdeepagency.com/?utm_source=clutch.co&utm_medium=referral,Trust Deep Agency
https://flylightmedia.com/?utm_source=clutch.co&utm_medium=referral&utm_campaign=directory,"Flylight Media, Inc."
https://cstmr.com/,CSTMR
http://effectivemc.com/?utm_source=clutch.co&utm_medium=referral,Effective Marketing
https://www.gvate.com/?utm_source=clutch.co&utm_medium=referral&utm_campaign=directory,Gvate
http://www.fiftyandfive.com/?utm_source=clutch.co&utm_medium=referral&utm_campaign=directory,Fifty &amp; Five
https://www.feelrightinc.com/?utm_source=clutch.co&utm_medium=referral&utm_campaign=directory,Feel Right Inc.
https://www.xtropy.net/?utm_source=clutch.co&utm_medium=referral&utm_campaign=directory,Xtropy
https://razorrank.com/?utm_source=clutch.co&utm_medium=referral&utm_campaign=us-agencies-digital-marketing,Razor Rank
https://neuelane.com/?utm_source=clutch&utm_medium=agency_list&utm_campaign=agency_directory&utm_content=organic_traffic,neuelane
https://grow.brolik.com/welcome/?utm_campaign=directory&utm_source=clutch.co&utm_medium=referral,Brolik
https://chrischasedesign.com/?utm_source=clutch.co&utm_medium=referral&utm_campaign=directory,Chase Design
http://7wonders.com/?utm_source=clutch.co&utm_medium=referral&utm_campaign=directory,7 Wonders Cinema
https://webolutions.com/?utm_source=clutch.co&utm_medium=referral&utm_campaign=directory,Webolutions Web Design Company
https://geminiams.com/?utm_source=clutch.co&utm_medium=referral&utm_campaign=directory,Gemini: Advanced Marketing Solutions
https://crcmedia.com/?utm_source=clutch.co&utm_medium=referral&utm_campaign=directory,"CRC Media, LLC"
https://www.scauros.com/?utm_source=clutch.co&utm_medium=referral&utm_campaign=directory,Scauros
https://www.reputationmanagementconsultants.com/?utm_source=clutch.co&utm_medium=referral,Reputation Management Consultants
https://schaeferdigital.com/?utm_source=clutch.co&utm_medium=referral&utm_campaign=directory,Schaefer Digital
https://www.karmajack.com/,KARMA jack Digital Marketing Agency
https://www.crpmarketing.com?utm_source=clutch.co&utm_medium=referral&utm_campaign=directory,CRP Marketing
http://www.WEBITMD.com/?utm_source=clutch&utm_medium=referral,WEBITMD
https://www.bluetext.com/?utm_source=clutch.co&utm_medium=referral&utm_campaign=referral_0121,Bluetext
https://www.wakefly.com/?utm_source=clutch.co&utm_medium=referral&utm_campaign=directory,"Wakefly, Inc."
https://videnglobe.com/,Viden
https://www.npws.net/?utm_source=clutch.co&utm_medium=referral&utm_campaign=directory,New Perspective Marketing
http://www.sector5digital.com,Sector 5 Digital
http://www.perfectsearchmedia.com/?utm_source=clutch.co&utm_medium=referral,Perfect Search Media
http://startcompeting.com/?utm_source=clutch.co&utm_medium=referral,Compete Now
https://www.romainberg.com/?utm_source=clutch.co&utm_medium=referral&utm_campaign=directory,Romain Berg
https://www.wecreate.com/?utm_source=clutch.co&utm_medium=referral&utm_campaign=directory,weCreate
https://wearehatchery.com/?utm_source=clutch.co&utm_medium=referral&utm_campaign=directory,Hatchery
http://apptuitive.tech/?utm_source=clutch.co&utm_medium=referral,Apptuitive
https://m16marketing.com/?utm_source=clutch.co&utm_medium=referral,M16 Marketing
https://www.skynettechnologies.com/?utm_source=clutch.co&utm_medium=referral&utm_campaign=directory,Skynet Technologies
https://www.appetizermobile.com/?utm_source=clutch&utm_medium=referral,Appetizer Mobile
https://1o8.agency?utm_source=clutch.co&utm_medium=referral,1o8
https://www.impressivedigital.com/?utm_source=clutch.co&utm_medium=referral&utm_campaign=referral,Impressive
https://www.dynamicwaveconsulting.com,Dynamic Wave Consulting
https://indirap.com/?utm_source=clutch.co&utm_medium=referral&utm_campaign=directory,INDIRAP
https://hvseo.co/?utm_source=clutch.co&utm_medium=referral&utm_campaign=directory,High Voltage SEO
https://mhdigitalgroup.com/?utm_source=clutch.co&utm_medium=referral,MH Digital
https://krafteddigital.com/?utm_source=clutch.co&utm_medium=referral&utm_campaign=directory,Krafted Digital
https://www.currant.social/?utm_source=clutch.co&utm_medium=referral&utm_campaign=directory,Social Currant
https://uniqueamb.com/?utm_source=clutch.co&utm_medium=referral&utm_campaign=directory,Ambidextrous Services
http://www.stratedia.com/?utm_source=clutch.co&utm_medium=referral&utm_campaign=directory,Stratedia
https://www.rmgmedia.com/?utm_source=clutch.co&utm_medium=referral&utm_campaign=directory,RMG
https://dragonflydm.com/?utm_source=clutch.co&utm_medium=referral,Dragonfly Digital Marketing
https://www.parkerwhite.com/?utm_source=clutch.co&utm_medium=referral,ParkerWhite Brand Interactive
http://www.vivial.net/?utm_source=clutch.co&utm_medium=referral&utm_campaign=directory,Vivial
https://lform.com/,Lform Design
http://thelolaagency.com,London : Los Angeles
https://www.wisedigitalpartners.com/,Wise Digital Partners
http://www.97thfloor.com/?utm_source=clutch.co&utm_medium=referral,97th Floor
https://www.zellusmarketing.com/?utm_source=clutch.co&utm_medium=referral&utm_campaign=directory,Zellus
http://punch-pr.com/?utm_source=clutch.co&utm_medium=referral&utm_campaign=directory,Punch PR
http://hexagoncreativedetroit.com/?utm_source=clutch.co&utm_medium=referral&utm_campaign=directory,Hexagon Creative
https://www.mancusomedia.com/#contact-form/?utm_source=clutch.co&utm_medium=referral&utm_campaign=directory,Mancuso Media
https://www.1111mediagroup.com/?utm_source=clutch.co&utm_medium=referral&utm_campaign=directory,1111 Media Group
https://www.rossmanmedia.com/?utm_source=clutch.co&utm_medium=referral&utm_campaign=directory,Rossman Media
http://weareriot.com/?utm_source=clutch.co&utm_medium=referral&utm_campaign=directory,Riot
https://www.marketri.com/?utm_source=clutch.co&utm_medium=referral&utm_campaign=directory,Marketri
http://www.smartrabbit.io/?utm_source=clutch.co&utm_medium=referral&utm_campaign=directory,Smart Rabbit
https://www.theshelf.com/?utm_source=clutch&utm_medium=referral,The Shelf
https://www.createelementslo.com/?utm_source=clutch.co&utm_medium=referral&utm_campaign=directory,Create Element
https://www.rocktherankings.com/?utm_source=clutch.co&utm_medium=referral&utm_campaign=directory,Rock The Rankings
https://smrelations.com/?utm_source=clutch.co&utm_medium=referral,Social Media Relations
https://www.noblestudios.com,Noble Studios
https://www.developers.dev/?utm_source=clutch.co&utm_medium=referral&utm_campaign=directory,Developers Dev
https://www.inseev.com/?utm_source=clutch.co&utm_medium=referral&utm_campaign=directory,Inseev Interactive
http://www.brafton.com/?utm_source=clutch.co&utm_medium=referral&utm_campaign=directory,Brafton
https://neffknows.com/?utm_source=clutch.co&utm_medium=referral&utm_campaign=directory,Neff
http://www.socialfix.com/?utm_source=clutch.co&utm_medium=referral,Socialfix Media
https://www.c7creative.com/?utm_source=clutch.co&utm_medium=referral&utm_campaign=directory,C7 Creative
http://www.marketingmaven.com/?utm_source=clutch.co&utm_medium=referral&utm_campaign=directory,Marketing Maven
https://www.firstpier.com/?utm_source=clutch.co&utm_medium=referral&utm_campaign=directory,First Pier
https://boldist.co/?utm_source=clutch.co&utm_medium=referral&utm_campaign=directory,Boldist
https://www.vendilli.com/,Vendilli Digital Group
https://localmarketingpros.com/get-started-with-lmp-clutch,Local Marketing Pros
https://alamedaim.com/?utm_source=clutch.co&utm_medium=referral&utm_campaign=directory,Alameda Internet Marketing
https://ripmediagroup.com,Rip Media Group
https://www.deepsky.tv,Deep Sky
http://www.rxmcreative.com,RXM Creative
https://www.colormatics.com,Colormatics
http://www.phillymarketinglabs.com/,Philly Marketing Labs
https://onthemap.com/?utm_source=clutch.co&utm_medium=referral&utm_campaign=directory,On The Map Marketing
https://www.gentechmarketing.com/tampamarketing/?utm_source=clutch.co&utm_medium=referral&utm_campaign=directory,GenTech Marketing
https://www.mycreativemark.com,My Creative Mark
https://www.mediagiantdesign.com,Media Giant Design
https://www.twelve12.com/?utm_source=clutch.co&utm_medium=referral&utm_campaign=directory,Twelve12
https://gatorworks.net/,Gatorworks
https://www.digitalthirdcoast.com/?utm_source=clutch&utm_medium=referral,Digital Third Coast
https://gr0.com/?utm_source=clutch.co&utm_medium=referral&utm_campaign=directory,GR0
https://www.elevatemybrand.com/,Elevate My Brand
https://eightohtwo.com/?utm_source=clutch.co&utm_medium=referral&utm_campaign=clutch,Eight Oh Two
http://unusual.la/,Unusual
https://ebq.com/?utm_medium=web_referral&utm_source=clutch.co&utm_campaign=external_links,EBQ
https://bobgoldpr.com?utm_source=clutch&utm_medium=organic&utm_campaign=listing,Bob Gold &amp; Associates
http://www.w3affinity.com/?utm_source=clutch.co&utm_medium=referral,W3 Affinity
https://klientboost.com/?utm_source=clutch.co&utm_medium=referral,KlientBoost
http://adventureppc.com/?utm_source=clutch.co&utm_medium=referral,AdVenture Media Group
http://www.thecreativemomentum.com/?utm_source=clutch&utm_medium=referral,The Creative Momentum
http://spit-ball.com/?utm_source=clutch.co&utm_medium=referral&utm_campaign=directory,Spitball Advertising
http://www.bubbleup.com,BubbleUp
http://linkgraph.io/?utm_source=clutch.co&utm_medium=referral,LinkGraph
https://www.effectivespend.com,Effective Spend
http://no-frames.com,No Frames
https://lightburn.co/,Lightburn
https://nativedigital.com/,Native Digital
https://hotdogmarketing.net/?utm_source=clutch.co&utm_medium=referral&utm_campaign=directory,Hot Dog Marketing
https://www.clickheredigital.com/,Click Here Digital
https://www.olivestreetdesign.com/,Olive Street Design
https://www.Webrageous.com,Webrageous
https://www.thebudaimedia.com/,Budai Media
https://dialedlabs.com,Dialed Labs
http://www.digitalinkco.com,Digital Ink
http://www.epsilon.com,Epsilon
http://www.bassodesigngroup.com,Basso Marketing Agency
https://www.blissdrive.com/?utm_source=clutch.co&utm_medium=referral,Bliss Drive
http://bigsea.co,Big Sea
https://markitors.com/?utm_source=clutch.co&utm_medium=referral&utm_campaign=directory,Markitors
https://tbmediagroup.com/,TB Media Group
https://directlinedev.com/,Direct Line Development
https://www.9thwonder.com/?utm_source=clutch.co&utm_medium=referral,9thWonder
https://mediaproper.com/,Media Proper
https://studiocenter.com,Studio Center
http://pushcollaborative.com/?utm_source=clutch.co&utm_medium=referral,PUSH Collaborative
http://www.mutesix.com/?utm_source=clutch.co&utm_medium=referral&utm_campaign=directory,MuteSix
https://www.firestarterseo.com,Firestarter SEO
http://www.BorensteinGroup.com,"Borenstein Group, Inc."
http://gkv.com/,GKV
https://gofishdigital.com/?utm_source=clutch.co&utm_medium=referral,Go Fish Digital
https://paretoppc.com/?utm_source=clutch.co&utm_medium=referral&utm_campaign=directory,Pareto PPC
https://www.paperstreet.com/law-firm-website-design,PaperStreet Web Design
https://avxdigital.com/?utm_source=clutch.co&utm_medium=referral,AVX Digital
https://www.itsguru.com/,ITsGuru - Managed IT Services
https://liftedlogic.com/,Lifted Logic
http://twentytwoandbrand.com,twentytwo &amp; brand.
https://www.metalogicdesign.com/,MetaLOGIC Design
https://www.cydomedia.com/,CydoMedia LLC
https://www.fsmediahouse.com/?utm_source=clutch.co&utm_medium=referral&utm_campaign=directory,FS MEDIA | FOOD STEEZ
https://sitecare.com/?utm_source=clutch.co&utm_medium=referral&utm_campaign=directory,SiteCare
https://www.gallerydesignstudio.com/?utm_source=clutch.co&utm_medium=referral,Gallery Design Studio NYC
http://Brandastic.com,Brandastic.com
http://www.anvilmediainc.com,Anvil Media
http://www.digitalrevamp.com,DIGITAL REVAMP
https://landispr.com,Landis Communications Inc. (LCI)
http://www.pollackgroup.com,The Pollack Group
https://www.acquirent.com,Acquirent
https://www.theedigital.com/,TheeDigital
https://www.figagency.com/,FIG (Formerly Hungry)
http://www.miliamarketing.com,Milia Marketing
https://enlightenedpictures.com,Enlightened Pictures Inc.
http://metricppc.com/?utm_source=clutch.co&utm_medium=referral&utm_campaign=directory,Metric PPC
http://www.seowerkz.com,SEO Werkz
https://mediapouch.com/,Media Pouch Video Production
https://heronagency.com/,Heron Agency
http://www.rockcandymedia.com,Rock Candy Media
https://www.youtechagency.com,Youtech
http://karbocom.com/,Karbo Communications
https://busyseed.com/?utm_source=clutch.co&utm_medium=referral&utm_campaign=directory,BusySeed
https://zerogravitymarketing.com/,Zero Gravity Marketing
https://www.swarmdigital.io,Swarm Digital Marketing
https://www.gamechangersf.com/,GameChangerSF
https://www.augustash.com/?utm_source=clutch.co&utm_medium=referral&utm_campaign=directory,August Ash
https://www.paracore.com/?utm_source=clutch.co&utm_medium=referral,ParaCore
https://scdigital.com,SC Digital
http://www.rso-consulting.com/,RSO Consulting
https://www.launchdigitalmarketing.com/,Launch Digital Marketing
http://www.carefulfeet.me,Careful Feet Digital Marketing Agency
https://www.plethoradesign.com,Plethora Design
https://www.riseinteractive.com/,Rise Interactive
https://amplitudedigital.com/?utm_source=clutch.co&utm_medium=referral&utm_campaign=clutch-profile,Amplitude Digital
https://www.rainfactory.com/?utm_source=clutch.co&utm_medium=referral,Rainfactory
https://omgcommerce.com/,"OMG Commerce, LLC"
https://infographicworld.com/?utm_source=clutch.co&utm_medium=referral,IGW (Infographic World)
https://www.digitalsilk.com/?utm_source=clutch.co&utm_medium=referral,Digital Silk
http://www.contentbureau.com,The Content Bureau
https://www.thebrandonagency.com/contact/,The Brandon Agency
http://www.advictorem.agency,Ad Victorem
http://www.digitopia.agency/?utm_source=clutch.co&utm_medium=referral&utm_campaign=directory,Digitopia
https://www.nextinymarketing.com,Nextiny
https://wearestudiobrand.com,Studio Brand Collective
https://www.walkersands.com/,Walker Sands
http://ironcreative.com/,Iron Creative
https://Eventige.com,Eventige Media Group
https://www.clarityqst.com/contact/,Clarity Quest Marketing
https://icoda.io,ICODA Digital Agency
https://www.bluecollaragency.com/?utm_source=clutch&utm_medium=web&utm_campaign=button,Blue Collar Agency
https://yourdigitalresource.com/,Digital Resource
https://www.craftedny.com,Crafted
http://www.farinella.com/,Farinella LLC
https://webcentriq.com/,WebcentriQ
https://www.helpgood.com,HelpGood
http://elmntl.co/?utm_source=clutch.co&utm_medium=referral&utm_campaign=directory,ELMNTL
http://www.hanekedesign.com,Haneke Design
https://cutthroatmarketing.com/?utm_source=clutch.co&utm_medium=referral&utm_campaign=directory,Cut Throat Marketing
http://www.viewstream.com/?utm_source=clutch.co&utm_medium=referral,Viewstream
https://www.digitalposition.com/,Digital Position
https://thinkfvm.com/,FVM
https://nuancedmedia.com/?utm_source=clutch.co&utm_medium=referral&utm_campaign=directory,Nuanced Media
https://www.tkg.com/,The Karcher Group
http://hydrogenadvertising.com,Hydrogen Advertising
https://outsmartlabs.com/,Outsmart Labs
http://www.navitasmarketing.com/,Navitas Marketing
https://www.bartlettinteractive.com/,Bartlett Interactive
https://komarketing.com/,KoMarketing
http://www.thebrandsmen.com/,The Brandsmen
https://berk.is/?utm_source=clutch.co&utm_medium=referral&utm_campaign=directory,"BERK Labs, LLC"
https://arsenlagency.com/,ARSENL
http://www.molestreet.com/?utm_source=clutch.co&utm_medium=referral,Mole Street
http://www.bynd.com/?utm_source=clutch.co&utm_medium=referral&utm_campaign=directory,Beyond
http://www.gershoni.com,Gershoni Creative Agency
https://www.tmprod.com/,Trademark Productions
http://www.metia.com,Metia
https://upraisepr.com?utm_source=clutch.co&utm_medium=referral,UPRAISE
https://merosmedia.com,Meros Media
https://nationmediadesign.com/?utm_source=referral&utm_medium=clutch%20listing,Nation Media Design
https://newmedia.com/,NEWMEDIA
http://www.williamswhittle.com/,Williams Whittle Associates Inc
https://accomplishagency.com,Accomplish Media
https://thedrawshop.com/,"The Draw Shop, LLC"
https://www.yakketyyak.com/,Yakkety Yak Marketing
https://eternitymarketing.com/,Eternity
http://funkhaus.us/,Funkhaus
https://adwivo.com,ADWIVO
https://www.codeless.io/?utm_source=clutch.co&utm_medium=referral&utm_campaign=directory,Codeless
https://www.awillingparticipant.com/,"A Willing Participant, Inc."
http://www.eguidetechallies.com/?utm_source=clutch.co&utm_medium=referral&utm_campaign=directory,eGuide Tech Allies
https://www.runningfish.net/,Runningfish Web Design &amp; Digital Marketing
https://aronsonhecht.com,Aronson Hecht Agency
https://gearboxfc.com/,"Gearbox Functional Creative, Inc."
https://www.atakinteractive.com,"ATAK Interactive, Inc"
https://www.matchadesign.com/,Matcha Design
http://schoolofthought.com,School of Thought
https://www.letsdesignyoursite.com/,Let's Design Your Site
https://therepublik.com/,THE REPUBLIK
http://jstokes.com,JStokes Agency
https://www.relevanceadvisors.com/,Relevance Advisors
https://www.sanctuarymg.com/?utm_source=clutch.co&utm_medium=referral&utm_campaign=us-agencies-digital-marketing,Sanctuary - A Digital Marketing Group
https://www.allianceinteractive.com/?utm_source=clutch.co&utm_medium=referral&utm_campaign=directory,Alliance Interactive
https://capitaldealersolutions.com/,"Capital Solutions, Corp - Digital Marketing Agency"
https://www.byaustere.com/?utm_source=clutch.co&utm_medium=referral&utm_campaign=directory,AUSTERE
https://imaginedc.net/?utm_source=clutch.co&utm_medium=referral&utm_campaign=directory,Imagine
http://www.IPNY.com/?utm_source=clutch&utm_medium=referral,IPNY
https://resoundcreative.com,Resound
https://www.ampagency.com/?utm_source=clutch.co&utm_medium=referrall&utm_campaign=directory,AMP Agency
http://www.agencyq.com,agencyQ
https://arcalea.com/,Arcalea
https://sol8.com/?utm_source=clutch.co&utm_medium=referral&utm_campaign=directory,Solutions 8
https://jumpermedia.co/,Jumper Media
https://composedcreative.com/?utm_source=clutch.co&utm_medium=referral&utm_campaign=directory,Compose[d]
https://intelusagency.com,Intelus Agency
http://thebigbabygroup.com,Big Baby
https://www.circa-now.com/,CIRCA
https://www.ShorelineMediaMarketing.com,Shoreline Digital Marketing Web &amp; SEO Agency
http://www.fearlessmedia.com,Fearless Media
https://lookinla.com/?utm_source=clutch.co&utm_medium=referral,LookinLA
https://milwaukee-webdesigner.com,Milwaukee Web Design®
http://www.taoti.com/&utm_medium=referral,Taoti Creative
https://www.mightybytes.com/,Mightybytes
https://www.traktekpartners.com/,Traktek Partners
http://www.digitalimpulse.com/,Digital Impulse
https://take7productions.com,Take7 Productions
https://radishlab.com/?utm_source=clutch&utm_medium=referral,Radish Lab
http://www.epicosity.com,Epicosity
https://klcampbell.com,Agency Growth Consultant LLC
https://coalitionwebdesign.com/?utm_source=clutch.co&utm_medium=referral&utm_campaign=directory,Coalition Web Design
https://10plusbrand.com/,"10 Plus Brand, Inc."
https://www.seekmomentum.com,Momentum
https://www.company119.com/?utm_source=clutch.co&utm_medium=referral&utm_campaign=directory,Company 119
https://shortlist.io/?utm_source=clutch.co&utm_medium=referral&utm_campaign=directory,Shortlist
http://www.qnycreative.com,QNY Creative
https://adnorml.com/,Adnorml
https://www.bandwidthmktg.com,Bandwidth Marketing Group
https://www.add3.com/contact/,Add3
https://www.simplemachinesmarketing.com/?utm_source=clutch.co&utm_medium=referral,Simple Machines Marketing
https://theleadwolf.com/,Lead Wolf
http://www.cpcstrategy.com/,CPC Strategy
http://www.rapunzelcreative.com,Rapunzel Creative Marketing Agency
http://www.inclinemarketing.org/?utm_source=clutch.co&utm_medium=referral&utm_campaign=directory,Incline Marketing
https://www.wearetg.com,Timmermann Group
http://www.levelup-digital.com/?utm_source=clutch.co&utm_medium=referral&utm_campaign=directory,Level Up Digital
https://www.ewrdigital.com/?utm_source=clutch.co&utm_medium=referral&utm_campaign=directory,EWR Digital
http://www.meshagency.com,MESH Interactive Agency
https://tinuiti.com/,Tinuiti
https://www.capitoltechsolutions.com,Capitol Tech Solutions
http://authenticweb.marketing/?utm_source=clutch.co&utm_medium=referral&utm_campaign=directory,authenticWEB
https://kiosk.tm,Kiosk
https://yellowfindigital.com/?utm_source=clutch.co&utm_medium=referral&utm_campaign=directory,YellowFin Digital
http://www.maxburst.com,MAXBURST
https://www.lkfmarketing.com/,LKF Marketing
https://slammedialab.com,Slam Media Lab
https://agencyinmotion.com/?utm_source=clutch&utm_medium=referral,Motion Agency
https://forgeworldwide.com/welcome-to-forge/?utm_source=clutch.co&utm_medium=referral,Forge Worldwide
http://www.digitalus.com,DigitalUs
http://www.ueno.co/,Ueno
http://www.fosterwebmarketing.com,Foster Web Marketing
http://www.digitalliance.com,Digitalliance
http://www.socialsellinator.com,SocialSellinator
https://www.revlocal.com,RevLocal
http://www.wpromote.com,Wpromote
https://www.amnavigator.com/,AM Navigator
https://grafik.agency/?utm_source=clutch.co&utm_medium=referral,Grafik Marketing Communications
http://www.epagecity.com,ePageCity
https://7layerstudio.com/?utm_source=themanifest.com&utm_medium=referral&utm_campaign=directory,7 Layer Studio
https://disruptivemarketing.us/,Disruptive Marketing
https://www.bastionrare.com/?utm_source=clutch&utm_medium=referral,Bastion Rare
https://www.bruceclay.com/traffic/?utm_source=clutch.co&utm_medium=referral,"Bruce Clay, Inc."
https://rise.co,Rise
http://www.silksoftware.com,Silk Software
http://www.r2integrated.com/,R2integrated
http://www.herodigital.com,Hero Digital
http://www.envision-creative.com/,Envision Creative
http://www.decographic.net,Decographic
http://www.bateman-group.com/,Bateman Group
http://www.lyntonweb.com,Lynton
http://www.gigantevaz.com/,Gigante Vaz Partners
http://www.businessol.com,BusinessOnline
https://intuitivedigital.com/,Intuitive Digital
https://www.cascadecomms.com,Cascade Communications
https://evenbound.com/?utm_source=clutch.co&utm_medium=referral&utm_campaign=us-agencies-digital-marketing,Evenbound
http://www.hanapinmarketing.com,Hanapin Marketing
http://www.sevenatoms.com,SevenAtoms
https://www.1digitalagency.com/?utm_source=clutch.co&utm_medium=referral&utm_campaign=directory,1Digital Agency
https://hudsonfusion.com/,Hudson Fusion
http://mok2.com,MOK2 | Brand Intelligence &amp; Design
https://marketinghy.com,RED Digital Marketing
https://www.upgrow.io/,Upgrow
http://www.phase3mc.com/,Phase 3 Marketing and Communications
https://pastilla.co/contact/?utm_source=clutch.co&utm_medium=referral&utm_campaign=directory,Pastilla Inc.
https://www.operationtechnology.com/?utm_source=clutch.co&utm_medium=referrall&utm_campaign=directory,Operation Technology
http://www.informaticscommerce.com,Informatics Commerce Inc
http://www.highervisibility.com/?utm_source=clutch.co&utm_medium=referral,HigherVisibility
http://qonkur.com/?utm_source=clutch.co&utm_medium=referral&utm_campaign=directory,Qonkur Media Group
https://www.veloxmedia.com,VELOX Media
http://www.webtekcc.com,WebTek
http://digitalux.co,Digitalux
https://www.volacci.com/,Volacci
https://www.valtech.com/,Valtech
http://mslk.com,MSLK Design
https://www.dreamscapemarketing.com/,Dreamscape Marketing
https://www.clevermethod.com/,clevermethod
http://www.webii.net,WEBii
http://barker-christol.com/,Barker &amp; Christol
http://www.dorsaycreative.com,dorsay
http://www.dragonarmy.com,Dragon Army
https://pearanalytics.com/?utm_source=clutch.co&utm_medium=referral,Pear Analytics
https://zen.agency/?utm_source=clutch.co&utm_medium=referral&utm_campaign=directory,Zen Agency
https://www.popvideo.com/,Pop Video
https://northcutt.com,Northcutt
https://webserv.io/?utm_source=clutch.co&utm_medium=referral,Webserv
https://websitesdepot.com/?utm_source=clutch.co&utm_medium=referral,Website Depot Inc.
https://www.pageonepower.com/,Page One Power
http://trafficdigitalagency.com/,Traffic Digital Agency
https://www.apollobravo.com/,ApolloBravo Inc.
https://www.edreamz.com,"E-dreamz, Inc."
http://www.oneims.com/?utm_source=clutch.co&utm_medium=referral,OneIMS.com
https://wegacha.com/?utm_source=clutch.co&utm_medium=referral,Wegacha
https://monumentstudio.co,Monument Studio
https://hounder.co/,Hounder
https://www.egochi.com,Egochi
http://www.blueslatefilms.com,Blue Slate Films
https://panup.tv/?utm_source=clutch.co&utm_medium=referral,Pan Up Productions
https://flynaut.com/?utm_source=clutch+website&utm_medium=clutch+website+clicks&utm_campaign=clutch&utm_content=flynaut+clutch+website+clicks,Flynaut LLC
http://www.ackmanndickenson.com/,Ackmann &amp; Dickenson
https://www.weidert.com/,Weidert Group
https://www.envisager.net/,Envisager Studio
http://www.bcsinteractive.com,BCS Interactive
https://www.maxaudience.com/?utm_source=clutch&utm_campaign=maxaudience,MaxAudience
http://incitrio.com/?utm_source=clutch.co&utm_medium=referral,INCITRIO
https://oppgen.com,OppGen Marketing
http://www.plego.com,Plego Technologies
https://nlsoftworks.com/,NL Softworks
http://www.Scorpion.co,Scorpion
https://www.redspotdesign.com,Red Spot Design
https://www.mediatwo.net/?utm_source=clutch.co&utm_medium=referral&utm_campaign=directory,Media Two Interactive
https://www.letsgro.io/?utm_source=clutch.co&utm_medium=referral&utm_campaign=directory,GRO Marketing
https://www.jacobsclevenger.com/,Jacobs &amp; Clevenger
https://ritterknight.com/,Ritter Knight Creative
https://www.cerberus.agency,Cerberus Agency
https://www.iacircle.com/,InterActive Circle
https://www.jutecreative.com,Jute Creative
https://sideways-nyc.com,Sideways
https://nextmeapp.com/,NextME
http://ydraw.com/?utm_source=clutch.co&utm_medium=referral,Ydraw
http://www.SpritzSF.com,SPRITZ LLC
https://www.oho.com/,OHO Interactive
https://www.espressob2b.com/?utm_source=clutch.co&utm_medium=referral,Espresso B2B Marketing
http://www.xpromos.com,"XPromos Marketing Mastery, LLC"
https://www.onethingmarketing.net/,One Thing Marketing
https://www.seo.com/?utm_source=clutch.co&utm_medium=referral&utm_campaign=directory,SEO.com
http://yoursimpletruth.com/,Simple Truth
http://www.knowmad.com/?utm_source=clutch.co&utm_medium=referral&utm_campaign=directory,Knowmad Digital Marketing
http://www.itvibes.com,"ITVibes, Inc"
https://www.adquadrant.com,adQuadrant
http://www.square2marketing.com,Square 2
http://www.brainbytescreative.com,Brain Bytes Creative
http://www.mainstreetroi.com,Main Street ROI
https://www.cadenceseo.com/?utm_source=clutch.co&utm_medium=referral&utm_campaign=directory,CadenceSEO
https://www.fairmarketing.com/?utm_source=clutch.co&utm_medium=referral&utm_campaign=referral,Fair Marketing
https://www.oozlemedia.com/?utm_source=clutch&utm_medium=referral,Oozle Media
http://www.markerseven.com,Marker Seven
http://www.enveritasgroup.com,EnVeritas Group
https://www.boomtownig.com,Boomtown Internet Group
http://www.sparkfactor.com,Sparkfactor
https://www.yellingmule.com/,Yelling Mule
http://3rdcoastpr.com/,3rd Coast PR
https://www.nventmarketing.com,Nvent Marketing
https://www.krative.com/?utm_source=clutch.co&utm_medium=referral&utm_campaign=directory,Krative
http://www.appular.com/?utm_source=clutch&utm_medium=referral,Appular
https://www.emfluence.com/,emfluence Digital Marketing
https://www.blueyarnmedia.com/?utm_source=clutch.co&utm_medium=referral&utm_campaign=directory,Blue Yarn Media
http://mediasourcetv.com/,MediaSource
https://breakaway.com/,Breakaway
https://epicproductionsllc.com/,"Epic Productions, LLC"
https://www.dawz.digital/,Dawz
https://www.ecreations.net/,eCreations
https://www.topspot.com/,TopSpot Internet Marketing
http://www.acumium.com,Acumium
https://www.kobedigital.com/?utm_source=clutch.co&utm_medium=referral,Kobe Digital
http://www.kudzubrands.com,Kudzu Brands
http://www.obilityb2b.com,Obility
http://www.educowebdesign.com,EDUCO
https://www.responsify.com/,Responsify
https://www.webstract.com/,Webstract Marketing
http://speakagency.com/,Speak!
https://unincorporated.com,UNINCORPORATED
https://nobledigital.com/?utm_source=clutch.co&utm_medium=referral&utm_campaign=us-agencies-digital-marketing,Noble Digital
https://www.blueskymkt.com/,Blue Sky Marketing
https://www.jdmwebtechnologies.com/,JDM Web Technologies
http://www.freshdesignstudio.com/,Fresh Design Studio
https://www.merrittgrp.com/,Merritt Group
https://www.luccaam.com/,LuccaAM
http://www.stevens-tate.com/,Stevens &amp; Tate Marketing
https://www.theoldstate.com/contact,The Old State
http://www.rustybrick.com/,RustyBrick
http://wallaroomedia.com/?utm_source=clutch.co&utm_medium=referral,Wallaroo Media
http://www.elevatecom.com,Elevate Communications
http://pinkhippopro.com/,Pink Hippo Productions
https://wojodesign.com,Wojo Design
http://www.polepositionmarketing.com,Pole Position Marketing
https://www.bayleafdigital.com/,Bay Leaf Digital
http://www.aktivstudios.com/,Aktiv Studios
https://www.xplodemarketing.com,Xplode Marketing
https://www.cardinaldigitalmarketing.com/,Cardinal Digital Marketing
https://www.matternow.com/,Matter Communications
http://www.madebyspeak.com/?utm_source=clutch.co&utm_medium=referral,Speak Creative
http://bordwalk.co/?utm_source=clutch.co&utm_medium=referral&utm_campaign=referral,Bordwalk
http://www.adwizar.com,Adwizar
https://matchboxdesigngroup.com,Matchbox Design Group
http://www.contractcre8ive.com,Contract Cre8ive
http://singlegrain.com,Single Grain
https://www.seoinc.com/?utm_source=clutch.co&utm_medium=referral&utm_campaign=directory,SEO Inc.
https://www.hipb2b.com/,HIPB2B
https://yorumarketing.com/?utm_source=clutch.co&utm_medium=referral&utm_campaign=directory,Yoru Marketing
https://www.searchberg.com/?utm_source=clutch&utm_medium=referral,Search Berg
http://teamtimelapse.com/?utm_source=clutch.co&utm_medium=referral&utm_campaign=directory,Timelapse
http://www.dashtwo.com,DASH TWO
https://soonermarketingsolutions.com,Sooner Marketing Solutions
https://www.grabdigital.co/,Grab Digital
http://www.sdsol.com/?utm_source=clutch.co&utm_medium=referral&utm_campaign=directory,SDSol Technologies
https://www.aidantaylor.com,Aidan Taylor Marketing
https://littleguydesign.com/,Little Guy Branding
http://www.z-comm.com/,Zehnder Communications
http://werkbot.com,Werkbot Studios
https://sgsolutionsllc.com/,Search Geek Solutions
https://repcap.com,Rep Cap
https://www.designzillas.com/,Designzillas
http://spark6.com/?utm_source=clutch.co&utm_medium=referral&utm_campaign=directory,SPARK6
http://awordsmith.com/,A.wordsmith
https://damolade.com/,damolade consulting
https://keybridgeweb.com/,Keybridge Web
http://www.berndtgroup.net/,TBG (The Berndt Group)
http://fractionalcmo.io/?utm_source=clutch.co&utm_medium=referral&utm_campaign=directory,Fractional CMO
https://www.amsivedigital.com/?utm_source=clutch.co&utm_medium=referral&utm_campaign=directory,Amsive Digital (formerly Path Interactive)
http://www.kunocreative.com/,Kuno Creative
https://aimg.com,Amplify Industrial Marketing &amp; Guidance
https://www.ethic-ads.com/,Ethic Advertising Agency
https://ragingagency.com,Raging Agency
https://chicagotechsolution.com/,Chicago Tech Solution
https://websults.com/,Websults
http://www.efinitytech.com/,Efinitytech
https://www.flowhance.com,Flowhance
https://3qdept.com,3Q/DEPT
https://clickthenconvert.com/get-started/?utm_source=clutch.co&utm_medium=referral&utm_campaign=directory,Click Then Convert
http://www.Brandpoint.com,Brandpoint
https://www.prolifikmarketing.com/,Prolifik Digital Marketing
http://www.bizcompr.com,BizComPR
https://integrityresourcesolution.com,INTEGRITY RESOURCE SOLUTION LLC
http://www.higherimages.com,Higher Images
https://www.webdesignservices.net/?utm_source=clutch.co&utm_medium=referral&utm_campaign=directory,"Seller's Bay, LLC"
https://www.cazarin.com/?utm_source=clutch.co&utm_medium=referral,Cazarin Interactive
https://nuethic.com,NuEthic
https://www.copperwing.com/,Copperwing Design
http://www.alexgpr.com/,"AGPR (formerly AlexanderG Public Relations, LLC)"
https://seedatl.com/socal/?utm_source=clutch&utm_medium=referral,SEED FACTORY
http://massfxmedia.com/,Mass FX Media
https://businessoptimizer.org,Business Optimizer
https://ohhellobranding.com/,Oh Hello Branding Group
http://digitalcurrent.com/,Digital Current
https://www.springbox.com,Springbox
http://goldrockcreative.com/?utm_source=clutch.co&utm_medium=referral,Goldrock Creative
https://citizengroup.com/,Citizen Group
http://thefantastical.com/,The Fantastical
https://www.spectodesign.com/,Specto Design
http://racepointglobal.com/,Racepoint Global
https://navazondigital.com/,"Navazon, Inc."
https://www.alanizmarketing.com/,Alaniz
http://milleradagency.com/,Miller Ad Agency
https://thomasdigital.com/?utm_source=clutch.co&utm_medium=referral&utm_campaign=directory,Thomas Digital Web Design
https://dabaran.com/?utm_source=clutch.co&utm_medium=referral&utm_campaign=directory,Dabaran
http://mentus.com/,Mentus
http://www.peppergroup.com/,Pepper Group
https://smashedmedia.com/,Smashed Media
https://fountainheadme.com/?utm_source=Clutch&utm_medium=directory&utm_campaign=Clutch,FountainheadME
http://www.parkfieldcommerce.com,Parkfield
https://knoativ.com/,Knoativ
https://hedgescompany.com/,Hedges &amp; Company
https://www.insegment.com/,inSegment
http://www.spark451.com,Spark451
https://getcider.com/?utm_source=clutch.co&utm_medium=referral,Cidersoft - Web Design &amp; Development
https://www.cmsminds.com/?utm_source=clutch.co&utm_medium=referral&utm_campaign=directory,cmsMinds
https://cybersprout.net/?utm_source=clutch.co&utm_medium=referral&utm_campaign=directory,CYBERsprout
http://www.link2city.com,Link2CITY
https://www.highlevelmarketing.com/?utm_source=clutch.co&utm_medium=referral&utm_campaign=us-digital-marketing,High Level Marketing
https://www.vibrandtweb.com,Vibrandt Websites
https://www.insivia.com/,Insivia
http://www.ajross.com/,AJ Ross Creative Media
https://www.fannit.com/,SEO Company Fannit
http://kaleidico.com,Kaleidico
https://www.twosixco.com/,Two Six - Performance Marketing
https://soffront.com/marketing-services?utm_source=clutch.co&utm_medium=referral,Soffront Corporation
https://helloamigo.com/,Hello Amigo
https://www.northstarhq.com,North Star HQ
https://www.pxmediainc.com/,PX Media LLC
http://ssdm.co,SSDM
http://echoscomm.com/?utm_source=clutch.co&utm_medium=referral&utm_campaign=directory,ECHOS Brand Communications
http://www.AmplifyMM.com,Amplify media + marketing
https://www.jmonline.com/,JM Online
https://effeect.com,Effeect
http://www.nicedayahead.com,NiceDay
https://3headedmonster.com/,3Headed Monster
https://authenticff.com/,Authentic Form &amp; Function
https://www.lsm.works/,LSM
http://agencyentourage.com/,Agency Entourage
https://www.searchnurture.com/?utm_source=clutch.co&utm_medium=referral&utm_campaign=directory,Search Nurture
https://www.falconmarketing.com/?utm_source=clutch.co&utm_medium=referral,Falcon Marketing
https://redtreewebdesign.com/,RedTree Web Design
https://studio1c.com/?utm_source=clutch.co&utm_medium=referral&utm_campaign=directory,studio1c
https://fuelviews.com/,Fuelviews
https://mydesignspace.com,"MyDesignSpace, Inc."
https://www.milestoneinternet.com/?utm_source=clutch.co&utm_medium=referral&utm_campaign=directory,Milestone Inc
http://customcreatives.com/,Custom Creatives
https://www.boucherco.com/?utm_source=clutch.co&utm_medium=referral,Boucher + Co.
https://www.arcintermedia.com,Arc Intermedia
http://www.stryde.com/?utm_source=clutch.co&utm_medium=referral,Stryde
https://www.sociummedia.com/?utm_source=clutch.co&utm_medium=referral&utm_campaign=Top%20Digital%20Marketing%20Agencies%20in%20the%20United%20States,Socium Media
https://sagelionmedia.com,Sage Lion Media
https://www.ph3.us/,PH3 Agency + Brewery
https://fuelonline.com/?utm_source=CLUTCH,Fuel Online
https://tigrettagency.com,The Tigrett Agency
https://dogandrooster.com/,"Dog and Rooster, Inc."
http://opuscreativegroup.com,Opus Creative Group
http://activewebgroup.com,Active Web Group
https://www.grouplevinson.com/,GroupLevinson Public Relations
http://albumagency.com,Album Agency
https://www.godrtv.com/,GoDRTV
https://www.theadfirm.net/,The Ad Firm
http://www.KO-Websites.com,"KO Websites, Inc."
https://symmetrimarketing.com/?utm_source=clutch.co&utm_medium=referral&utm_campaign=directory,Symmetri Marketing
https://online-sales-marketing.com/,Spectrum Group Online
https://www.postmm.com/,Post Modern Marketing
http://www.esperinbound.com,Esper Inbound
http://www.growswyft.com,Swyft
http://growception.com/,Growception
http://www.linkedselling.com,LinkedSelling
https://visualwebz.com,"Visualwebz, LLC"
https://seafoammedia.com,Seafoam Media
https://campcreative.net/,Camp Creative
https://www.k2analytics.com,K2 Analytics INC
http://redpathcg.com,Redpath Consulting Group
https://cuttingedge.marketing/?utm_source=clutch.co&utm_campaign=main,Cutting Edge Digital Marketing
http://runneragency.com,RUNNER Agency
https://agencyppc.com/?utm_source=clutch.co&utm_medium=referral,AgencyPPC
https://www.accuwebhosting.com/,AccuWebHosting.com
https://www.mimvi.com/,Mimvi SEO
https://www.seotuners.com/,SeoTuners
https://leemediagroup.com/,Lee Media Group
http://www.satori.agency,Satori Marketing
https://facetinteractive.com/,Facet Interactive
https://three29.com/,Three29
https://globalspex.com/?utm_source=clutch.co&utm_medium=referral&utm_campaign=directory,GlobalSpex
http://www.kernmedia.com,Kern Media
https://razorfrog.com/?utm_source=clutch,Razorfrog Web Design
http://sixdegreesla.com/,Six Degrees LA
https://niftymarketing.com,Nifty Marketing
https://www.eyefulmedia.com/?utm_source=clutch.co&utm_medium=referral&utm_campaign=directory,Eyeful
https://thinkpodagency.com,ThinkPod Agency
https://gotechark.com/?utm_source=Listing&utm_medium=External&utm_campaign=Clutch,TechArk Solutions
http://www.avintivmedia.com,Avintiv Media
http://www.creativemindworks.com,Creative Mindworks
https://www.ecurtisdesigns.com/,E. Curtis Designs
https://1205marketing.com/,1205 Marketing
https://brentonway.com/?utm_source=clutch.co&utm_medium=referral&utm_campaign=us-agencies-digital-marketing,Brenton Way
https://www.vye.agency,Vye
https://thedigitalelevator.com/,Digital Elevator
http://www.infoodmktg.com,IN Food Marketing &amp; Design
https://www.aztekweb.com/,Aztek
https://www.mightybranding.com,Mighty
https://www.sangfroidwebdesign.com/,"SangFroid Web, LLC"
http://www.location3.com,Location3
https://cogointeractive.com,Cogo Interactive
https://www.3plains.com,3plains
http://www.nustreammarketing.com?utm_source=clutch.co&utm_medium=referral,NuStream
http://www.stirstuff.com/,STIR Advertising &amp; Integrated Messaging
https://www.obviouslee.com/?utm_source=clutch.co&utm_medium=referral&utm_campaign=directory,Obviouslee
https://phoenixonlinemedia.com/,Phoenix Online Media
https://www.captivateseo.com/,Captivate Search Marketing
http://www.captiva-marketing.com/,Captiva Marketing
http://www.eastcoastcatalyst.com,East Coast Catalyst
http://www.comingofage.com,Coming of Age
https://firestormsem.com,Firestorm SEM
https://www.versacreative.com,Versa Creative
https://armixgroup.com,Armix Group
https://www.techzo.us,Techzo
https://bos.digital/,BOS Digital
https://hirejordansmith.com,Hire Jordan Smith
https://www.leadroot.io/?utm_source=clutch.co&utm_medium=referral,Leadroot
https://sherocommerce.com,Shero Commerce
https://www.greatbigdigitalagency.com,Great Big Digital Agency
http://redcupagency.com/?utm_source=clutch.co&utm_medium=referral&utm_campaign=directory,Red Cup Agency
https://99robots.com,99Robots
http://doctormultimedia.com/,Doctor Multimedia
https://sealmedia.us/,Seal Media
http://www.herocreative.com/?utm_source=clutch&utm_medium=referral,Hero Creative
https://www.and-marketing.com/,&amp;Marketing
http://www.hamermarketinggroup.com,Hamer Marketing Group
http://www.bluetent.com,Bluetent
https://bizango.com/,Bizango
http://www.newmanpr.com,NewmanPR
https://www.limitlessdevs.com,Limitless Web Developers
https://www.pixeljar.com/,Pixel Jar
https://dagmarmarketing.com,DAGMAR Marketing
